{
  "appid": "wx569f19f9681258b3",
  "compileType": "miniprogram",
  "libVersion": "3.2.1",
  "cloudfunctionRoot": "cloudfunctions/",
  "packOptions": {
    "ignore": [],
    "include": []
  },
  "setting": {
    "coverView": true,
    "es6": true,
    "postcss": true,
    "minified": true,
    "enhance": true,
    "showShadowRootInWxmlPanel": true,
    "packNpmRelationList": [],
    "babelSetting": {
      "ignore": [],
      "disablePlugins": [],
      "outputPath": ""
    },
    "condition": true
  },
  "condition": {},
  "editorSetting": {
    "tabIndent": "auto",
    "tabSize": 2
  },
  "cloudfunctionTemplateRoot": "cloudfunctionTemplate/",
  "MiniProgramTemplateRoot": "miniprogram/",
  "srcMiniprogramRoot": "miniprogram/"
}